class	Occurences	Total_bp	mean_length	percent_genome
LINE	249904	69053975	276	5.41553946832344
LTR	126599	32043496	253	2.51300257937453
DNA	61355	5745341	94	0.450576826960024
SINE	7425	911483	123	0.0714828098050236
Satellite	9785	890100	91	0.0698058537651843
RC	4809	852129	177	0.0668279882744329
Unknown	1056	81666	77	0.0064046341462617
RNA	44	3679	84	0.000288524588250885
Other	36	2187	61	0.00017151488842204
Retroposon	18	999	56	7.83463070569813e-05
Segmental	1	47	47	3.6859623940722e-06
